Tag,Scope,Start,End,Difference,Percentage
total,0,0,0.5400848388671875,0.5400848388671875,100
